<?xml version="1.0" encoding="utf-8"?>
<BazaDanych xmlns:xsi="http://www.w3.org/2001/XMLSchema-instance" xmlns:xsd="http://www.w3.org/2001/XMLSchema">
  <Filmy>
    <Film>
      <iD>0</iD>
      <rokProdukcji>1994</rokProdukcji>
      <czasTrwania>0</czasTrwania>
      <ocena>8.9</ocena>
      <dostepny>false</dostepny>
      <ID>1</ID>
      <Tytuł>Pulp Fiction</Tytuł>
      <Reżyser>Quentin Tarantino</Reżyser>
      <RokProdukcji>1994</RokProdukcji>
      <Gatunek>Crime</Gatunek>
      <CzasTrwania>154</CzasTrwania>
      <Ocena>8.9</Ocena>
      <Dostępny>true</Dostępny>
    </Film>
    <Film>
      <iD>0</iD>
      <rokProdukcji>1979</rokProdukcji>
      <czasTrwania>0</czasTrwania>
      <ocena>8.1</ocena>
      <dostepny>false</dostepny>
      <ID>2</ID>
      <Tytuł>Stalker</Tytuł>
      <Reżyser>Andrei Tarkovsky</Reżyser>
      <RokProdukcji>1979</RokProdukcji>
      <Gatunek>Sci-Fi</Gatunek>
      <CzasTrwania>163</CzasTrwania>
      <Ocena>8.1</Ocena>
      <Dostępny>true</Dostępny>
    </Film>
    <Film>
      <iD>0</iD>
      <rokProdukcji>1994</rokProdukcji>
      <czasTrwania>0</czasTrwania>
      <ocena>9.3</ocena>
      <dostepny>false</dostepny>
      <ID>3</ID>
      <Tytuł>The Shawshank Redemption</Tytuł>
      <Reżyser>Frank Darabont</Reżyser>
      <RokProdukcji>1994</RokProdukcji>
      <Gatunek>Drama</Gatunek>
      <CzasTrwania>142</CzasTrwania>
      <Ocena>9.3</Ocena>
      <Dostępny>true</Dostępny>
    </Film>
    <Film>
      <iD>0</iD>
      <rokProdukcji>1972</rokProdukcji>
      <czasTrwania>0</czasTrwania>
      <ocena>9.2</ocena>
      <dostepny>false</dostepny>
      <ID>4</ID>
      <Tytuł>The Godfather</Tytuł>
      <Reżyser>Francis Ford Coppola</Reżyser>
      <RokProdukcji>1972</RokProdukcji>
      <Gatunek>Crime</Gatunek>
      <CzasTrwania>175</CzasTrwania>
      <Ocena>9.2</Ocena>
      <Dostępny>true</Dostępny>
    </Film>
    <Film>
      <iD>0</iD>
      <rokProdukcji>2008</rokProdukcji>
      <czasTrwania>0</czasTrwania>
      <ocena>9</ocena>
      <dostepny>false</dostepny>
      <ID>5</ID>
      <Tytuł>The Dark Knight</Tytuł>
      <Reżyser>Christopher Nolan</Reżyser>
      <RokProdukcji>2008</RokProdukcji>
      <Gatunek>Action</Gatunek>
      <CzasTrwania>152</CzasTrwania>
      <Ocena>9</Ocena>
      <Dostępny>true</Dostępny>
    </Film>
    <Film>
      <iD>0</iD>
      <rokProdukcji>1994</rokProdukcji>
      <czasTrwania>0</czasTrwania>
      <ocena>8.8</ocena>
      <dostepny>false</dostepny>
      <ID>6</ID>
      <Tytuł>Forrest Gump</Tytuł>
      <Reżyser>Robert Zemeckis</Reżyser>
      <RokProdukcji>1994</RokProdukcji>
      <Gatunek>Drama</Gatunek>
      <CzasTrwania>142</CzasTrwania>
      <Ocena>8.8</Ocena>
      <Dostępny>true</Dostępny>
    </Film>
    <Film>
      <iD>0</iD>
      <rokProdukcji>2010</rokProdukcji>
      <czasTrwania>0</czasTrwania>
      <ocena>8.7</ocena>
      <dostepny>false</dostepny>
      <ID>7</ID>
      <Tytuł>Inception</Tytuł>
      <Reżyser>Christopher Nolan</Reżyser>
      <RokProdukcji>2010</RokProdukcji>
      <Gatunek>Sci-Fi</Gatunek>
      <CzasTrwania>148</CzasTrwania>
      <Ocena>8.7</Ocena>
      <Dostępny>true</Dostępny>
    </Film>
    <Film>
      <iD>0</iD>
      <rokProdukcji>1993</rokProdukcji>
      <czasTrwania>0</czasTrwania>
      <ocena>8.9</ocena>
      <dostepny>false</dostepny>
      <ID>9</ID>
      <Tytuł>Schindler's List</Tytuł>
      <Reżyser>Steven Spielberg</Reżyser>
      <RokProdukcji>1993</RokProdukcji>
      <Gatunek>Biography</Gatunek>
      <CzasTrwania>195</CzasTrwania>
      <Ocena>8.9</Ocena>
      <Dostępny>true</Dostępny>
    </Film>
    <Film>
      <iD>0</iD>
      <rokProdukcji>1991</rokProdukcji>
      <czasTrwania>0</czasTrwania>
      <ocena>8.6</ocena>
      <dostepny>false</dostepny>
      <ID>10</ID>
      <Tytuł>The Silence of the Lambs</Tytuł>
      <Reżyser>Jonathan Demme</Reżyser>
      <RokProdukcji>1991</RokProdukcji>
      <Gatunek>Crime</Gatunek>
      <CzasTrwania>118</CzasTrwania>
      <Ocena>8.6</Ocena>
      <Dostępny>true</Dostępny>
    </Film>
    <Film>
      <iD>0</iD>
      <rokProdukcji>2003</rokProdukcji>
      <czasTrwania>0</czasTrwania>
      <ocena>8.9</ocena>
      <dostepny>false</dostepny>
      <ID>11</ID>
      <Tytuł>The Lord of the Rings: The Return of the King</Tytuł>
      <Reżyser>Peter Jackson</Reżyser>
      <RokProdukcji>2003</RokProdukcji>
      <Gatunek>Adventure</Gatunek>
      <CzasTrwania>201</CzasTrwania>
      <Ocena>8.9</Ocena>
      <Dostępny>true</Dostępny>
    </Film>
    <Film>
      <iD>0</iD>
      <rokProdukcji>1999</rokProdukcji>
      <czasTrwania>0</czasTrwania>
      <ocena>8.8</ocena>
      <dostepny>false</dostepny>
      <ID>12</ID>
      <Tytuł>Fight Club</Tytuł>
      <Reżyser>David Fincher</Reżyser>
      <RokProdukcji>1999</RokProdukcji>
      <Gatunek>Drama</Gatunek>
      <CzasTrwania>139</CzasTrwania>
      <Ocena>8.8</Ocena>
      <Dostępny>true</Dostępny>
    </Film>
    <Film>
      <iD>0</iD>
      <rokProdukcji>1994</rokProdukcji>
      <czasTrwania>0</czasTrwania>
      <ocena>9.3</ocena>
      <dostepny>false</dostepny>
      <ID>13</ID>
      <Tytuł>The Shawshank Redemption</Tytuł>
      <Reżyser>Frank Darabont</Reżyser>
      <RokProdukcji>1994</RokProdukcji>
      <Gatunek>Drama</Gatunek>
      <CzasTrwania>142</CzasTrwania>
      <Ocena>9.3</Ocena>
      <Dostępny>true</Dostępny>
    </Film>
    <Film>
      <iD>0</iD>
      <rokProdukcji>1972</rokProdukcji>
      <czasTrwania>0</czasTrwania>
      <ocena>9.2</ocena>
      <dostepny>false</dostepny>
      <ID>14</ID>
      <Tytuł>The Godfather</Tytuł>
      <Reżyser>Francis Ford Coppola</Reżyser>
      <RokProdukcji>1972</RokProdukcji>
      <Gatunek>Crime</Gatunek>
      <CzasTrwania>175</CzasTrwania>
      <Ocena>9.2</Ocena>
      <Dostępny>true</Dostępny>
    </Film>
    <Film>
      <iD>0</iD>
      <rokProdukcji>2008</rokProdukcji>
      <czasTrwania>0</czasTrwania>
      <ocena>9</ocena>
      <dostepny>false</dostepny>
      <ID>15</ID>
      <Tytuł>The Dark Knight</Tytuł>
      <Reżyser>Christopher Nolan</Reżyser>
      <RokProdukcji>2008</RokProdukcji>
      <Gatunek>Action</Gatunek>
      <CzasTrwania>152</CzasTrwania>
      <Ocena>9</Ocena>
      <Dostępny>true</Dostępny>
    </Film>
    <Film>
      <iD>0</iD>
      <rokProdukcji>1994</rokProdukcji>
      <czasTrwania>0</czasTrwania>
      <ocena>8.8</ocena>
      <dostepny>false</dostepny>
      <ID>16</ID>
      <Tytuł>Forrest Gump</Tytuł>
      <Reżyser>Robert Zemeckis</Reżyser>
      <RokProdukcji>1994</RokProdukcji>
      <Gatunek>Drama</Gatunek>
      <CzasTrwania>142</CzasTrwania>
      <Ocena>8.8</Ocena>
      <Dostępny>true</Dostępny>
    </Film>
    <Film>
      <iD>0</iD>
      <rokProdukcji>2010</rokProdukcji>
      <czasTrwania>0</czasTrwania>
      <ocena>8.7</ocena>
      <dostepny>false</dostepny>
      <ID>17</ID>
      <Tytuł>Inception</Tytuł>
      <Reżyser>Christopher Nolan</Reżyser>
      <RokProdukcji>2010</RokProdukcji>
      <Gatunek>Sci-Fi</Gatunek>
      <CzasTrwania>148</CzasTrwania>
      <Ocena>8.7</Ocena>
      <Dostępny>true</Dostępny>
    </Film>
    <Film>
      <iD>0</iD>
      <rokProdukcji>1999</rokProdukcji>
      <czasTrwania>0</czasTrwania>
      <ocena>8.7</ocena>
      <dostepny>false</dostepny>
      <ID>18</ID>
      <Tytuł>The Matrix</Tytuł>
      <Reżyser>The Wachowskis</Reżyser>
      <RokProdukcji>1999</RokProdukcji>
      <Gatunek>Action</Gatunek>
      <CzasTrwania>136</CzasTrwania>
      <Ocena>8.7</Ocena>
      <Dostępny>true</Dostępny>
    </Film>
  </Filmy>
  <Klienci>
    <Klient>
      <iD>0</iD>
      <email>jan.kowalski@email.com</email>
      <numerTelefonu>123456789</numerTelefonu>
      <ID>1</ID>
      <Imię>Jan</Imię>
      <Nazwisko>Kowalski</Nazwisko>
      <Adres>ul. Kwiatowa 5, 30-001 Kraków</Adres>
      <Email>jan.kowalski@email.com</Email>
      <NumerTelefonu>123456789</NumerTelefonu>
    </Klient>
    <Klient>
      <iD>0</iD>
      <email>anna.nowak@email.com</email>
      <numerTelefonu>987654321</numerTelefonu>
      <ID>2</ID>
      <Imię>Anna</Imię>
      <Nazwisko>Nowak</Nazwisko>
      <Adres>ul. Leśna 10, 50-200 Wrocław</Adres>
      <Email>anna.nowak@email.com</Email>
      <NumerTelefonu>987654321</NumerTelefonu>
    </Klient>
    <Klient>
      <iD>0</iD>
      <email>piotr.wisniewski@email.com</email>
      <numerTelefonu>456789012</numerTelefonu>
      <ID>3</ID>
      <Imię>Piotr</Imię>
      <Nazwisko>Wiśniewski</Nazwisko>
      <Adres>ul. Słoneczna 3, 80-001 Gdańsk</Adres>
      <Email>piotr.wisniewski@email.com</Email>
      <NumerTelefonu>456789012</NumerTelefonu>
    </Klient>
    <Klient>
      <iD>0</iD>
      <email>magdalena.dabrowska@email.com</email>
      <numerTelefonu>789012345</numerTelefonu>
      <ID>4</ID>
      <Imię>Magdalena</Imię>
      <Nazwisko>Dąbrowska</Nazwisko>
      <Adres>ul. Miodowa 8, 20-150 Lublin</Adres>
      <Email>magdalena.dabrowska@email.com</Email>
      <NumerTelefonu>789012345</NumerTelefonu>
    </Klient>
    <Klient>
      <iD>0</iD>
      <email>krzysztof.kaczmarek@email.com</email>
      <numerTelefonu>234567890</numerTelefonu>
      <ID>5</ID>
      <Imię>Krzysztof</Imię>
      <Nazwisko>Kaczmarek</Nazwisko>
      <Adres>ul. Ogrodowa 12, 60-300 Poznań</Adres>
      <Email>krzysztof.kaczmarek@email.com</Email>
      <NumerTelefonu>234567890</NumerTelefonu>
    </Klient>
    <Klient>
      <iD>0</iD>
      <email>monika.lewandowska@email.com</email>
      <numerTelefonu>567890123</numerTelefonu>
      <ID>6</ID>
      <Imię>Monika</Imię>
      <Nazwisko>Lewandowska</Nazwisko>
      <Adres>ul. Słowiańska 7, 40-500 Katowice</Adres>
      <Email>monika.lewandowska@email.com</Email>
      <NumerTelefonu>567890123</NumerTelefonu>
    </Klient>
    <Klient>
      <iD>0</iD>
      <email>tomasz.adamczyk@email.com</email>
      <numerTelefonu>012345678</numerTelefonu>
      <ID>7</ID>
      <Imię>Tomasz</Imię>
      <Nazwisko>Adamczyk</Nazwisko>
      <Adres>ul. Rycerska 15, 70-100 Szczecin</Adres>
      <Email>tomasz.adamczyk@email.com</Email>
      <NumerTelefonu>012345678</NumerTelefonu>
    </Klient>
    <Klient>
      <iD>0</iD>
      <email>alicja.kowalczyk@email.com</email>
      <numerTelefonu>345678901</numerTelefonu>
      <ID>8</ID>
      <Imię>Alicja</Imię>
      <Nazwisko>Kowalczyk</Nazwisko>
      <Adres>ul. Krótka 9, 90-200 Łódź</Adres>
      <Email>alicja.kowalczyk@email.com</Email>
      <NumerTelefonu>345678901</NumerTelefonu>
    </Klient>
    <Klient>
      <iD>0</iD>
      <email>grzegorz.jankowski@email.com</email>
      <numerTelefonu>678901234</numerTelefonu>
      <ID>9</ID>
      <Imię>Grzegorz</Imię>
      <Nazwisko>Jankowski</Nazwisko>
      <Adres>ul. Długa 6, 10-050 Olsztyn</Adres>
      <Email>grzegorz.jankowski@email.com</Email>
      <NumerTelefonu>678901234</NumerTelefonu>
    </Klient>
    <Klient>
      <iD>0</iD>
      <email>natalia.mazur@email.com</email>
      <numerTelefonu>123450987</numerTelefonu>
      <ID>10</ID>
      <Imię>Natalia</Imię>
      <Nazwisko>Mazur</Nazwisko>
      <Adres>ul. Zielona 20, 50-300 Wrocław</Adres>
      <Email>natalia.mazur@email.com</Email>
      <NumerTelefonu>123450987</NumerTelefonu>
    </Klient>
    <Klient>
      <iD>0</iD>
      <email>marcin.wojcik@email.com</email>
      <numerTelefonu>789012345</numerTelefonu>
      <ID>11</ID>
      <Imię>Marcin</Imię>
      <Nazwisko>Wójcik</Nazwisko>
      <Adres>ul. Jasna 11, 30-100 Kraków</Adres>
      <Email>marcin.wojcik@email.com</Email>
      <NumerTelefonu>789012345</NumerTelefonu>
    </Klient>
    <Klient>
      <iD>0</iD>
      <email>karolina.kruk@email.com</email>
      <numerTelefonu>345678901</numerTelefonu>
      <ID>12</ID>
      <Imię>Karolina</Imię>
      <Nazwisko>Kruk</Nazwisko>
      <Adres>ul. Wrzosowa 14, 80-010 Gdańsk</Adres>
      <Email>karolina.kruk@email.com</Email>
      <NumerTelefonu>345678901</NumerTelefonu>
    </Klient>
    <Klient>
      <iD>0</iD>
      <email>dawid.zajac@email.com</email>
      <numerTelefonu>012345678</numerTelefonu>
      <ID>13</ID>
      <Imię>Dawid</Imię>
      <Nazwisko>Zając</Nazwisko>
      <Adres>ul. Lipowa 18, 20-250 Lublin</Adres>
      <Email>dawid.zajac@email.com</Email>
      <NumerTelefonu>012345678</NumerTelefonu>
    </Klient>
    <Klient>
      <iD>0</iD>
      <email>agnieszka.piotrowska@email.com</email>
      <numerTelefonu>567890123</numerTelefonu>
      <ID>14</ID>
      <Imię>Agnieszka</Imię>
      <Nazwisko>Piotrowska</Nazwisko>
      <Adres>ul. Malinowa 22, 60-400 Poznań</Adres>
      <Email>agnieszka.piotrowska@email.com</Email>
      <NumerTelefonu>567890123</NumerTelefonu>
    </Klient>
    <Klient>
      <iD>0</iD>
      <email>rafal.witkowski@email.com</email>
      <numerTelefonu>234567890</numerTelefonu>
      <ID>15</ID>
      <Imię>Rafał</Imię>
      <Nazwisko>Witkowski</Nazwisko>
      <Adres>ul. Żeromskiego 33, 40-600 Katowice</Adres>
      <Email>rafal.witkowski@email.com</Email>
      <NumerTelefonu>234567890</NumerTelefonu>
    </Klient>
    <Klient>
      <iD>0</iD>
      <email>sylwia.sawicka@email.com</email>
      <numerTelefonu>901234567</numerTelefonu>
      <ID>16</ID>
      <Imię>Sylwia</Imię>
      <Nazwisko>Sawicka</Nazwisko>
      <Adres>ul. Mickiewicza 25, 70-200 Szczecin</Adres>
      <Email>sylwia.sawicka@email.com</Email>
      <NumerTelefonu>901234567</NumerTelefonu>
    </Klient>
    <Klient>
      <iD>0</iD>
      <email>michal.kowal@email.com</email>
      <numerTelefonu>345678901</numerTelefonu>
      <ID>17</ID>
      <Imię>Michał</Imię>
      <Nazwisko>Kowal</Nazwisko>
      <Adres>ul. Parkowa 27, 90-300 Łódź</Adres>
      <Email>michal.kowal@email.com</Email>
      <NumerTelefonu>345678901</NumerTelefonu>
    </Klient>
    <Klient>
      <iD>0</iD>
      <email>ewa.kwiatkowska@email.com</email>
      <numerTelefonu>678901234</numerTelefonu>
      <ID>18</ID>
      <Imię>Ewa</Imię>
      <Nazwisko>Kwiatkowska</Nazwisko>
      <Adres>ul. Prosta 30, 10-100 Olsztyn</Adres>
      <Email>ewa.kwiatkowska@email.com</Email>
      <NumerTelefonu>678901234</NumerTelefonu>
    </Klient>
    <Klient>
      <iD>0</iD>
      <email>kamil.sobczak@email.com</email>
      <numerTelefonu>123450987</numerTelefonu>
      <ID>19</ID>
      <Imię>Kamil</Imię>
      <Nazwisko>Sobczak</Nazwisko>
      <Adres>ul. Polna 40, 50-400 Wrocław</Adres>
      <Email>kamil.sobczak@email.com</Email>
      <NumerTelefonu>123450987</NumerTelefonu>
    </Klient>
  </Klienci>
  <Transakcje>
    <Transakcja>
      <IDTransakcji>1</IDTransakcji>
      <IDFilmu>2</IDFilmu>
      <IDKlienta>3</IDKlienta>
      <DataWypożyczenia>2024-01-21T23:57:06.7509415+01:00</DataWypożyczenia>
      <DataZwrotu>2024-01-28T23:57:06.7509765+01:00</DataZwrotu>
    </Transakcja>
    <Transakcja>
      <IDTransakcji>2</IDTransakcji>
      <IDFilmu>1</IDFilmu>
      <IDKlienta>4</IDKlienta>
      <DataWypożyczenia>2024-01-23T23:57:06.7510055+01:00</DataWypożyczenia>
      <DataZwrotu>2024-01-30T23:57:06.7510061+01:00</DataZwrotu>
    </Transakcja>
  </Transakcje>
</BazaDanych>